sentiment,Text Tweets
positive,Qatar menginvestasikan 300 miliar dolar AS sebagai tuan rumah Piala Dunia 2022 https://t.co/rYluSaGzJc
positive,"@idextratime @IExpressSports Qatar sebagai tuan rumah sudah sukses menyelenggarakan turnamen ini dengan baik, tapi FIFA sebagai perangkat pertandingan cukup kontroversial dan banyak menguntungkan pihak tertentu"
positive,"Piala Dunia 2022 Sudah Sampai Pertandingan Final, Qatar Disebut Sukses Sebagai Tuan Rumah https://t.co/BH6dy8LBvu"
positive,"Qatar memanfaatkan posisi sebagai tuan rumah Piala Dunia dan kehebatan ekonominya untuk memaksimalkan pengaruhnya, baik dalam politik regional maupun di panggung global.Baca Trias Kuncahyono di Opini Kompas.https://t.co/ZoO90rX814@hariankompas @iaskunz"
positive,Prancis pasti ada di Final.Pemilihan Qatar sebagai tuan rumah Pildun gk lepas dari kontribusi Prancis. Hubungan ekonomi bilateral kedua negara juga sangat kuat.
positive,"Sebagai tuan rumah dimana ini merupakan kali pertama Piala Dunia digelar di tanah Arab, pemerintah Qatar pun habis-habisan dalam mempersiapkannya.Mewujudkan kemegahan acara, dana sebesar USD 220 miliar pun digelontorkan. #FIFAWorldCup"
positive,"Bertemu teman lama, Chief Investment Officer Qatar Investment Authority untuk Asia, Sheikh Faisal Thani Al-Thani. Kerja sama di bidang olahraga dengan Qatar sebagai tuan rumah Piala Dunia, akan bermanfaat bagi kita dalam menggelar Piala Dunia U-20 tahun depan. https://t.co/4ycyUAwaP0"
positive,"Seri Paduka menzahirkan ucapan tahniah kepada Sheikh Tamim dan kerajaan Qatar sebagai tuan rumah, atas kejayaan menganjur kejohanan bola sepak Piala Dunia FIFA Qatar 2022.https://t.co/xlqSvddeMs"
positive,"Tahun ini, gue dukung tim dari negara Maroco Gue optimis tim jagoan gue akan jadi juara karena semangat Qatar sebagai tuan rumah merasuk ke jiwa pemain Qatar.... Menang Kalah Pilih Main Bersih #WorldKahf"
positive,"Qatar, dapat pujian yang meluas sebagai tuan rumah #WorldCup2022 karena banyak hal yang baik dan berbeda dari piala dunia sebelum2nya.Wajar, jika banyak yg “mencari” kesalahannyaapalagi salah satu yg menonjol & keras melarang bendera pelangi"
positive,"Komite ini juga memastikan persiapan, perencanaan, dan operasional Qatar sebagai tuan rumah piala dunia"
positive,"Qatar sebagai tuan rumah tidak melarang semua suku, semua agama,semua warna kulit etnis dll. Untuk masuk bahkan yg LGBT pun mungkin ada yg ke Qatar...."
positive,"Jika memang kesuksesan Qatar sebagai tuan rumah dan kiprah Maroko di #PialaDunia2022 dianggap sebagai kegemilangan Muslim, itu tidaklah salah.Yang penting, setelah kompetisi berakhir, yuk kaum muslimin rajin baca buku, kembangkan sains dan tebar damai ke seluruh penjuru bumi."
positive,Itu juga alasan yang bikin Qatar (sebagai tuan rumah) mendukung banget Maroko. Setiap mereka main—apalagi menang—ada bendera Maroko di mana-mana.Para pendukung Maroko juga berasa ada di rumah/negara sendiri.https://t.co/qs3YeFrDNa
positive,diluar dari banyaknya kecaman dan kontroversi terhadap qatar sebagai tuan rumah. overall ini jadi salah satu gelaran piala dunia terseru.
positive,"QATARSIS #tak cuma sukses jadi tuan rumah Piala Dunia, Qatar juga berhasil menggenapi sepakbola sebagai “agama baru” yang rahmatan lil umattan. Kini tak ada lagi neraka di lapangan bola.https://t.co/MXnkXNR9xY https://t.co/AVTVIqdqgn"
positive,Pildun Qatar emang penuh dengan kejutan ((Even Qatar sebagai tuan rumah is also kinda...A suprise))
positive,"@LuqmanAwalludin @detikcom Kan ada videonya..Lihat dong perbandingan supporter Qatar..Sebagai tuan rumah juga,..Berkalikali kalah telak dari tamu..Tidak satupun supporter nya marah, anarkis, banting-banting kursi apalagi merusak fasilitas umum..Tidak satupun ada perusakanMereka tenang,..Tertib"
positive,Piala Dunia 2022 bakal jadi Piala Dunia termahal sepanjang sejarah. Dana yang sudah dihabiskan tuan rumah Qatar mencetak rekor sebagai yang termahal. Hal itu juga membuat hadiah uang ikut bertambah!#StartingEleven #PialaDunia #TopListhttps://t.co/x9kfgBPwtn
positive,"Orang kira pildun kali ini ga bakal seseru sebelum-sebelumnya tapi ternyata seru bgt. Apalagi Qatar jd tuan rumah wow megah betul. Banyak kisah-kisah menarik dari pildun kali ini, bisa diambil sebagai pelajaran juga"
positive,"Terpilihnya Qatar sebagai tuan rumah Piala Dunia 2022, membuat banyak orang mengunjungi negara tersebut untuk menyaksikan pertandingan sepak bola secara langsung. Selain menyaksikan pertandingan bola, para wisatawan juga bisa mencoba makanan khas Qatar.https://t.co/RglLIggq8d"
positive,"@anonapostate @MichaelRainhard @dina_sulaeman Qatar sudah jelas menghargai event sepak bola terbesar di dunia justru kaum"" lu yang gak menghargai qatar sebagai tuan rumah."
positive,@abdulrachim88 Nih model2 @nahdlatululama dan donaturnya mungkin kesel melihat indahnya qatar sebagai tuan rumah
positive,"Saya ingin memulai dengan suara lantang menyampaikan selamat “mabruk dan mubarak” kepada negara Qatar sebagai negara Muslim dan Timur Tengah pertama, tidak saja menjadi tuan rumah sebuah perhalatan fenomenal, tapi juga telah membuktikan sebuah kemewahan… https://t.co/3sI0FeePIh"
positive,"Yang bikin seru piala dunia tahun ini tuh selain tim kuda hitam bikin kejutan, Qatar sebagai tuan rumah juga mengubah cara pandang dunia melihat Islam dengan disisipkan pesan² dakwah lewat olahraga dan lewat moment ini"
positive,"@radixwp Qatar menerapkan hukum negara ya wajar , jika qatar ke eropa juga mereka akan maklumi itu aturan merekakan itu tuan rumah nya piala dunia , ya harus patuhi lah :v anda saja kalau ke bali juga banyak melihat sesaje"
positive,@tvOneNews Kemenangan Qatar sebagai tuan Rumah... Tamu yg pecingkraan pulang duluan
positive,"Lanjut 4 Begitu juga dengan Qatar, sebagai tuan rumah dia mempunyai aturan aturan negara kedaulatanyya. Jika pergi ke Barat, sebagai tamu ga mungkin juga kan larang orang pake baju tp ga pake BH Dibalik aja …"
positive,"Sobat MORA!Saat ini, seluruh mata dunia sedang fokus pada Qatar sebagai tuan rumah Piala Dunia 2022. Pada bulan Desember tahun 2006, dunia juga pernah fokus pada Qatar ketika kala itu Qatar menjadi tuan rumah event olahraga terbesar di Asia yaitu Asian Games XV. https://t.co/IGfjCJjZCt"
positive,"@aheryawan Ternyata bukan sekedar sepak bola, Qatar juga menunjukkan sebagai tuan rumah yang ramah dan menghormati tamunya"
positive,"Sejak ditunjuk FIFA menjadi tuan rumah Piala Dunia 2022 pada 2010, Qatar tak hanya menyiapkan infrastruktur, tetapi juga kemajuan sepak bolanya. Indonesia sebagai tuan rumah Piala Dunia U-20 2023 harus belajar. #Olahraga #AdadiKompashttps://t.co/hkkKEmpv5M"
positive,@6undul0h World cup qatar membuka pintu bagi ummat manusia utk mengenal dan mempelajari islam yg sesungguhnya dan mereka melakukan itu dgn hikmah dan mengedepankan sifat keramah tamahan sebagai tuan rumah..... insyaallah dunia lebih islami setelah piala dunia qatar.
positive,Menepis tuduhan buruk tentangQatar sebagai tuan rumah piala dunia 2022#FIFAWorldCupQatar2022
positive,"Belakangan ini ramai pembicaraan tentang Qatar sebagai tuan rumah piala dunia 2022. Menariknya, piala dunia kali ini bernuansa penuh Islami. Nah, kira-kira bagaimana ya sejarah Islam di Qatar?Simak dalam artikel berikut, yuk!https://t.co/4hrjtqHo3I#Qatar2022 #FIFAWorldCup"
positive,@CNNIndonesia Qatar negara paling sukses sebagai tuan rumah PD sepanjang sejarah
positive,"Korsel harusnya mencontoh Qatar sebagai tuan rumah yang baik dan bersih. Qatar nggak pernah nyogok wasit dan sadar diri klw mereka masih di level Asia. Sedangkan Korsel, mereka jadi salah satu tuan rumah PD 2002 yang sangat curang dan nggak tau diri"
positive,"Sebagai tuan rumah FIFA World Cup 2022 atau Piala Dunia, Qatar memiliki keunikan tersendiri hingga mencuri perhatian dunia saat ini. Berikut fakta seputar Qatar menarik untuk diketahui. MCP#iNews #Berita #FIFAWorldCup #PialaDunia2022 #Qatar https://t.co/RXDl1bXfCJ"
positive,@dina_sulaeman Toleransi itu ketika Qatar jadi tuan rumah melarang MIRAS dan LGBT/ONE LOVE yang kalian sebagai tamu harus menghormati.
positive,"Mengucapkan, terima kasih sebesar-besarnya kpd.yth Tim Qatar, atas partisipasinya dalam gelaran turnamen sepakbola antar negara tahun 2022, dan juga atas kontribusinya dan perannya sebagai tuan rumah pada tahun ini."
positive,Betul lauk Qatar ni. Lauk sebijik macam Malaysia main Piala Asia 2007 layak sebagai tuan rumah
positive,Bikin Bangga! Ahli Tata Kota Indonesia Ikut Rancang Masterplan Qatar Sebagai Tuan Rumah Piala Dunia https://t.co/rdXxRiBxWU
positive,"di sisi yang lain, sebagai tuan rumah, rules atau pengondisian yang disyaratkan sama Qatar ke FIFA itu harusnya diakomodasi dengan baik, lagian kan gaada hubungannya soal kampanye lgbtq+ sama bola anjiiiirrrrrrr"
positive,"Dalam persediaan Qatar sebagai tuan rumah FIFA 2022, Qatar telah membina 7 buah stadium baru beserta lain-lain fasiliti sukan. #FIFAWorldCup2022 #pialadunia2022 #pialaduniaqatar2022https://t.co/zDIz5OXyD3"
positive,"Setiap negara memiliki peraturan tersendiri bagi para tamu yang akan datang. Kali ini, Qatar sebagai tuan rumah Piala Dunia 2022 membuat peraturan untuk berpakaian sopan dan tertutup.https://t.co/Oy0I7ojDcq"
positive,Dia mengatakan Qatar berhasil menggelar Piala Dunia secara lancar dan tertib tanpa ada pemberitaan tentang rusuh ataupun perkelahian.Sebelunmnya Qatar sebagai Tuan Rumah Piala Dunia diprotes krn memiliki aturan yg berbeda dengan perhelatan sebelumnya
positive,Qatar sebagai tuan rumah menjadi energi tambahan bagi negara tetangga wilayah Asia - Afrika
positive,Gua setuju. Tolong hargai culture Qatar sebagai tuan rumah. Gak semua open minded dapat diterapkan di berbagai negara. Gak semua negara setuju dengan one love. Hendaknya bersikaplah yg sopan kalo mau bertamu
positive,"Sebagai tuan rumah Piala Dunia 2022, Qatar dan Doha menjadi lebih terkenal. Di Doha, tepatnya di Al Courniche terdapat satu monumen yang unik, yakni The Pearl Monument. Monumen ini berupa sebuah kerang raksasa dengan mutiara di dalamnya. #Headlinehttps://t.co/PcTfnSD6HE"
positive,"Masalah lgbt, qatar dah bener, dia sebagai tuan rumah mengajukan hal tersebut kan berdasar ya. Kalo dari kacamata agama karena jelas salah, dan qatar dengan mayoritas muslim, menjadi bukan budaya mereka, artinya ada norma sosial disitu. Ya, istilahnya menghargai yg punya rumah."
positive,"Yaudah anjir banyak bacot, kalo ga bisa ikutin aturan di suatu negara
yaudah, ribet amat lo. Udah jelas jelas Qatar ditunjuk sebagai tuan
rumah,ya mau gak mau ikutin lah aturan dan budaya disana. Ribet
amat anjrit, acara skala dunia nih yang “ditunggangi” buat cari
pembelaan
"
positive,"@Askrlfess kalo gamau di rasisin, tolong jangan rasis, qatar punya
budayanya sendiri dan agama yang mereka junjung, hargai tuan
rumah kalau mau dihargai sebagai tamu"
positive,"@mannschaft89 @raihanalthff @iIhamzada Point nya simpel aja
bang, menghargai Qatar sebagai tuan rumah. Pengen dihargai tapi
kok gak mau menghargai wkwk"
positive,"@itsmenayaah @nukunaru @Askrlfess Jadi, Qatar kan tuan rumah World Cup 2022 trus ngelarang hal yang berbau LGBT harusnya mereka sebagai TAMU hormat dong sama TUAN RUMAH di mana bumi dipijak di situ langit dijunjung tp mereka ngeyel ngotot kampanye kaum mereka gitu krn ajang pildun kan gede jd sorotan org di dunia"
positive,"@SiaranBolaLive Apa salahnya kita menghargai Qatar sebagai tuan rumah? Mereka menghabiskan begitu banyak uang, tenaga, bahkan waktu yg tidak sedikit untuk event ini. Dimana letak otakmu yg katanya manusia paling punya adab?"
positive,"Terkait atribut LGBTQ di FIFA ini, menurut aku ya seharusnya mematuhi policy Qatar sebagai negara tuan rumah. Konsepnya sederhana si, bukannya melanggar HAM or whatever you name it, tapi lebih ke menghargai tuan rumah. Masa ga paham ya sesederhana itu? Tiap negara beda aturan"
positive,"@nooooookia @aulinatsya @cermateguh @tanyakanrl Apa salahnya qatar teguh pendirian? Validasi kaum pelangi tidak diterima di negara qatar, dan qatar sebagai tuan rumah punya hak akan itu, dan qatar sendiri bilang kalau kalian mau diakuin ya di lingkungan kalian aja tapi ga di negara mereka"
positive,Segala hal soal Qatar sebagai tuan rumah membuat Piala Dunia kali ini lebih mencuri perhatian. 1. Piala Dunia 2022 ini merupakan Piala Dunia paling mahalDiperkirakan Qatar sudah mengeluarkan sekitar 200 miliar USD untuk berbagai keperluan infrastruktur.
positive,"Qatar adalah negara Timur Tengah pertama yang menjadi tuan rumah Piala Dunia sekaligus menjadi negara kedua di Benua Asia yang mendapatkan kehormatan tersebut.Piala Dunia pertama kali mendatangi Asia pada tahun 2002 lalu, dengan Korea-Jepang sebagai tuan rumah bersama."
positive,"Konfederasi Sepak Bola Asia (AFC) menepis kritik yang menyebut Qatar mempersiapkan diri sebagai tuan rumah Piala Dunia 2022 sambil melakukan pelanggaran Hak Asasi Manusia (HAM). Justru sebaliknya, AFC malah memuji Qatar.#HAM #AFC #pialadunia #Lampungposthttps://t.co/KodLm02e8n"
positive,@saef_sumarno @CNNIndonesia Perancis melarang cadar di negaranya sendiri. Timnas Perancis menghormati aturan Qatar sebagai tuan rumah World Cup.
positive,"Gapapa, setidaknya sebagai tuan rumah sudah bikin sejarahSukses Sebagai Tuan Rumah Tak Berimbas ke Timnas Qatar, Kembali Telan Kekalahan Usai Dibekuk Ekuador 0-2 https://t.co/hysqLmEHWC"
positive,61 Jadi pakar bola satu kali lagi:Terima kasih juga buat Qatar sebagai tuan rumah yang sudah meramaikan piala dunia haha. Emang secara permainan dan basic sepak bola dari passing dan control pun masih ada gep dengan negara lain. Gapapa sekarang udah bisa fokus jadi tuan rumah
positive,"Hazard menilai aksi Der Panzer tersebut sarat akan muatan politik. Sebagai pemain sepak bola, tidak seharusnya mereka mencampurkan urusan politik ke lapangan hijau.Hazard lebih memilih menghormati tuan rumah Qatar yang dengan jelas melarang penggunaan atribut LGBTQ."
positive,@CNNIndonesia Respect Bapak Lloris terkait statement dia yg hormati peraturan qatar sebagai tuan rumah
positive,"@wptlzkmoonb @azizaha2z2ih @tanyarlfes fyi: dalam sepakbola gaboleh ada politik sih ye setau gue sih sebagai penikmat bola... dan balik lagi qatar negara islam, so ga ada salahnya mereka melarang karena ""main di tanah mereka(tuan rumah) serta mempunyai aturan dalam negaranya"" wajar kok menurut gue. #cmiiw"
positive,"@CatHoolicisme @gfrx_ @memefess lah suka2 qatar lah, kan dia tuan rumahnya. sebagai tamu ya harusnya ngikutin peraturan tuan rumah."
positive,"AFC Bela Tuan Rumah Piala Dunia 2022 Qatar, Tuding Kritik Sebagai Sikap Munafik https://t.co/WBxcs49H2a"
positive,"@eccejentesiast @Askrlfess Iyaaa, padahal negara2 lain yg membebaskan lgbt pun kaya jepang, kanada, prancis gitu mereka masi respect qatar sebagai tuan rumah dan ga neko2"
positive,61 Jadi pakar bola satu kali lagi:Terima kasih juga buat Qatar sebagai tuan rumah yang sudah meramaikan piala dunia haha. Emang secara permainan dan basic sepak bola dari passing dan control pun masih ada gep dengan negara lain. Gapapa sekarang udah bisa fokus jadi tuan rumah
negatif,"Hazard menilai aksi Der Panzer tersebut sarat akan muatan politik. Sebagai pemain sepak bola, tidak seharusnya mereka mencampurkan urusan politik ke lapangan hijau.Hazard lebih memilih menghormati tuan rumah Qatar yang dengan jelas melarang penggunaan atribut LGBTQ."
negatif,@CNNIndonesia Respect Bapak Lloris terkait statement dia yg hormati peraturan qatar sebagai tuan rumah
negatif,"@wptlzkmoonb @azizaha2z2ih @tanyarlfes fyi: dalam sepakbola gaboleh ada politik sih ye setau gue sih sebagai penikmat bola... dan balik lagi qatar negara islam, so ga ada salahnya mereka melarang karena ""main di tanah mereka(tuan rumah) serta mempunyai at"
negatif,"@CatHoolicisme @gfrx_ @memefess lah suka2 qatar lah, kan dia tuan rumahnya. sebagai tamu ya harusnya ngikutin peraturan tuan rumah."
negatif,"AFC Bela Tuan Rumah Piala Dunia 2022 Qatar, Tuding Kritik Sebagai Sikap Munafik https://t.co/WBxcs49H2a"
negatif,"@eccejentesiast @Askrlfess Iyaaa, padahal negara2 lain yg membebaskan lgbt pun kaya jepang, kanada, prancis gitu mereka masi respect qatar sebagai tuan rumah dan ga neko2"
negatif,"@tanyarlfes Selain itu, Qatar ini sebagai tuan rumah & negara yg mayoritasnya muslim meminta untuk dihormati karena culture di sana yg kontra dengan lgbt serta ada larangan alkohol.The guest must respect the host. Basic manner"
negatif,"Sambil merem juga udah tau qatar bakalan final , ya qatar juaranya .. tp jordan mainnya bagus sih , qatar besok juaranya"
negatif,Agak disayangkan opening untuk ceremonial yg semegah ini di bawakan oleh seorang jongkook. Padahal lebih indah cengkok nya lesti.
negatif,"Lagu gak enak,enakan yok ayo nya via Valen jauh"
negatif,"lagunya bagus kok, tapi kurang pas untuk event piala dunia yang biasanya lagunya meriah & ngebeat"
negatif,Piala Dunia di adakan di Qatar.
negatif,Dalam pemilihan Qatar sebagai tuan rumah yang di suap adalah Platini yang orang Prancis.
negatif,Pemilik PSG adalah Orang Qatar.
negatif,Pemain andalan kedua negara di final adalah pemain PSG (Messi dan Mbappe).
negatif,"Maksa bgt ajg, gedek gw liat kelakuan org2 barat gini, gk bisa bgt respect ke budaya negara org"
negatif,Kalo yg ngomong orang Eropa agak curiga biasanya ada bumbu politiknya ðŸ˜’
negatif,Binatang aja tau yang mana betina dan yang mana jantan masa kita manusia gak tau
negatif,"Jerman nih dengerin yaa, lu dateng buat tanding bukan buat pose tutup mulut"
negatif,walopun kemaren yg digelar piala dunia settingan
negatif,"Tapi kata coach yg ga nge coach, peraturan itu berlebihan. Kocak emang si botak tua ini"
negatif,"Jangan lupa, mereka sukses bayar penonton yang datangðŸ¤£"
negatif,Ini yg ngebantu ngebom yaman itu?
negatif,"Selama ada duid, dan attitude rakyat+pejabat bisa dikontrol, oke juga tuh."
negatif,wajib lah penyakit dan musuh Tuhan disikatðŸ‘
negatif,Duit duit duit duit duit. Itu aja intinya. Mau dibilang kesalahan bodo amat yang penting duit.
negatif,Dia bilang gitu karena dah gabisa ambil untung lagi di Pildun Qatar
negatif,tuan rumah lah pasti juaranya
negatif,"Kaum radikal LGBT ya kayak gitu, seluruh alam semesta ini salah kecuali yang sependapat ama mereka. Nyolok lubang tai yang seharusnya bukan tempatnya bagi mereka benar. Sisanya salah semua ðŸ¤£ðŸ¤£ðŸ¤£ðŸ¤£"
negatif,"Bodoh nya FIFA naro piala dunia di bulan november. Andai piala dunia tahun ini di pertengahan tahun, pasti seru, abis lebaran nonton piala dunia bareng keluarga. Lagian knp harus di qatar si, kalo cuaca panas mending pindah ke eropa atau amerika latin."
negatif,"yaa, minggat sekalian aja minggat !! Emang banyak tingkah ni jerman, strategi kurang malah sibuk ngurusin ban kapten. Mana gua dukung jerman lagi, emang babi ini jerman"
negatif,CUMA ATURAN KAYA GITU ANJIR EMG BIKIN KAU MATI MUDA?? lebayy dah balik aja sono
negatif,"Bilang aja duitnya kurang bgzd loe kakek2 korup, tanpa loe ngomong kek gitu, emang sebuah kesalahan dan ketololan besar ngadain Piala Dunia Qatar, cuma menang tajir hasil minyak doang lol, lagian ngadain pildun pas akhir tahun aja udah gak bener"
negatif,"Gaperlu nyesal, uang korup u dri pemilihan qatar juga masi banya"
negatif,iya Negara y emg kecil tapi duit y terlalu besar untuk sebuah gelaran Piala Dunia yg megah mewah
negatif,"Qatar negara kecil, apakabar Afrika Selatan? Lawak koruptor"
negatif,"Qatar itu negara segede upil, harusnya tuan rumahnya di jepang, korea, china atau ostrali, biar gak usah begadang nonton bolanya"
negatif,"Biar aja ga usah orang LGBT ini masuk, bajingan LGBT nih, semoga kalian kena azab dari Allah seperti kaum sodom, semoga binasa kalian semua kena penyakit mematikan"
negatif,Bikin stadion aja banyak pekerja yang tewas..gak berkah moga gak sukses qatar jadi tuan rumah
negatif,Tai kucing. Berapa ribu pekerja yang mampus tanpa jaminan kerja yang layak utk pembangunan dan persiapan WC Qatar. Proses pimilihan aja korup. Lu emang tolol min dari dulu. LGBT aja fokus hidup lu wkwkkw
negatif,Penyokong Indonesia membaling beberapa suar ke arah penyokong Malaysia sebaik saja Malaysia menjaringkan gol pertama pada perlawanan kelayakan Piala Dunia 2022/Piala Asia 2023 di Stadium Nasional Bukit Jalil. #BHSukan #PialaDunia2022 / #PialaAsia2023 https://t.co/nMId7Tjn1W
negatif,Bola Canggih di Laga Semifinal dan Final Piala Dunia 2022. #EnamPlus #EMTEKWORLDCUP2022 #Worldcup2022 #PialaDunia2022 #Liputan6WORLDCUP2022 https://t.co/9phmOuyxhY
negatif,Perebutan Tempat Ketiga Piala Dunia 2022 Qatar #worldcup #pialadunia #pialadunia2022 #qatar2022 https://t.co/w8IECkvrw6
negatif,"Qatar menggunakan posisi sebagai tuan rumah Piala Dunia dan kekuatan ekonominya untuk meningkatkan pengaruhnya dalam politik regional dan global, namun perlu diawasi agar tidak berlebihan"
negatif,Amankah Suporter Wanita Saat Nikmat Piala Dunia di Qatar. #EnamPlus #EMTEKWORLDCUP2022 #Worldcup2022 #PialaDunia2022 #Liputan6WORLDCUP2022 https://t.co/o0dUPHkBKx
negatif,Kroasia Bidik Medali Perunggu Piala Dunia 2022. #EnamPlus #EMTEKWORLDCUP2022 #Worldcup2022 #PialaDunia2022 #Liputan6WORLDCUP2022 https://t.co/MUz2qeHEUE
negatif,Bendera Palestina Berkibar di Piala Dunia 2022 Apa Maksudnya. #EnamPlus #EMTEKWORLDCUP2022 #Worldcup2022 #PialaDunia2022 #Liputan6WORLDCUP2022 https://t.co/21oMSfrV3u
negatif,Sobat Sehat ingin tetap sehat walaupun begadang nonton piala dunia? Ikuti tips berikut ini deh! #HelloSehat #PialaDunia2022 https://t.co/7ghIoTqCHn
negatif,"#FIFAWorldCup #Qatar2022 https://t.co/X365reHGVG Qatar telah sukses menggelar turnamen dengan baik, namun FIFA memiliki beberapa kontroversi yang perlu diperhatikan"
negatif,"Piala Dunia 2022 telah mencapai pertandingan final, Qatar dianggap sukses sebagai tuan rumah, tetapi masih ada beberapa kontroversi yang perlu diperhatikan"
negatif,Qatar Tak Cuma Soal Piala Dunia 2022 Wisatawan Bisa Kunjungi Gurun Pasir hingga Naik Unta #Qatar #PialaDunia2022 #FIFAWorldCup #wisatawan #beritaViral https://t.co/s3bn47k0kz
negatif,Final Piala Dunia 2022: Lionel Messi OTW Pecahkan Rekor Paolo Maldini Miliki Menit Bermain Terlama #PialaDunia2022 #FinalWorldCup2022 #Qatar2022 #BeritaTerkini #beritaViral https://t.co/r6DwTKm66z
negatif,Prancis berpotensi mencapai final. Pemilihan Qatar sebagai tuan rumah Piala Dunia tidak terlepas dari kontribusi Prancis. Hubungan ekonomi bilateral antara dua negara juga sangat kuat dan berpotensi meningkatkan kerja sama
negatif,PIALA DUNIA 2022 QATAR KEPUTUSAN PENUH ï¸ CROATIA 2-1 MAGHRIBI ï¸ Josko Gvardiol 7' ï¸ Achraf Dari 9' ï¸ Mislav Orsic 42' #PialaDunia2022 #Qatar2022 #WorldCup2022 #FIFA2022 https://t.co/vNrPiIKmaN
negatif,SELALU menarik melihat deretan angka-angka untuk merangkum suatu peristiwa. Tidak terkecuali pergelaran Piala Dunia Qatar 2022 yang sekarang memasuki babak semifinal. Apa saja angka-angka menarik yang sudah muncul? #PialaDunia2022 #Qatar https://t.co/awuguqPY1Q
negatif,Selamat kepada KroasiaðŸ‡­ðŸ‡· yang berhasil menjadi JUARA 3 Piala Dunia 2022 setelah mengalahkan MarokoðŸ‡²ðŸ‡¦ dengan skor 2-1. Pertandinganya seru bangetttt #itsmoji #PialaDunianyaMoji #NontonWorldCupdiMoji #pialadunia2022 #SCMWorldCup2022 https://t.co/gNnOwjsdTf
negatif,Gol dari J. Gvardiol dan M. Orsic membawa Kroasia meraih juara ketiga Piala Dunia 2022. Selamat buat sahabat pendukung Kroasia #pialadunia #pialadunia2022 #worldcup2022 #qatar2022 #fifaworldcup2022 #worldcupqatar2022 #kroasia #maroko #gvardiol #orsic #dari https://t.co/jVYPvKWcLl
negatif,Piala Dunia 2022 telah memasuki babak akhir. Malam ini bakal ada perebutan juara tiga antara Kroasia dan Maroko. Sementara besok malam Prancis akan berhadapan dengan Argentina memperebutkan juara Piala Dunia tahun ini. #pialadunia2022 #worldcup2022 #qatar2022 #fifaworldcup2022 https://t.co/MBNYT4I7ke
negatif,Momen keseruan KroasiaðŸ‡­ðŸ‡· berhasil menjadi Juara 3ï¸âƒ£ Piala Dunia 2022 ï¸ #itsmoji #PialaDunianyaMoji #NontonWorldCupdiMoji #pialadunia2022 #SCMWorldCup2022 https://t.co/u4UVabudWN
negatif,FYP nih Kak! (FAKTA YANG PENTING) Btw udah gak sabar nunggu final ya? #wasit #referee #worldcup #pialadunia2022 #qatar #poland #mbappe #messi #maroko #kroasia #football #JKT4811thAnnivConcert https://t.co/C7UNbegnAx
negatif,Prediksi Argentina vs Prancis: Pembuktian Lionel Messi atau Kylian Mbappe? Simak infografis #GTVNews #News #BuletiniNews #PialaDunia2022 #WorldCupQatar #Pildun #Messi #Mbappe #StadionLusail #Qatar #FinalPialaDunia #FinalPildun #Final #ArgentinavsPrancis #Argentina #Prancis https://t.co/5Az9ngycTD
negatif,Tak terasa Piala Dunia 2022 Qatar sudah mencapai Final. Argentina akan berhadapan dengan Prancis di laga 18 Desember 2022 malam nanti. kenali dulu mereka sebelum menentukan siapa yang akan kalian jagokan sebagai juara di INFOGRAFIK #VIVACOID #design #infografis #pialadunia2022 https://t.co/Z8rt8VLiA2
negatif,Sebelum move on ke partai final ini pertandingan tidak terlupakan sepanjang kompetisi versi Mimin. #PialaDunia2022 #WorldCup https://t.co/Iva1MyuhbS
negatif,Kroasia berhasil merebut posisi ketiga Piala Dunia 2022 usai mengalahkan Maroko dengan skor 2-1. #Lapangbolacom #LapangbolaStats #LapangbolaFacts #LapangbolaQuiz #WorldCup #WorldCup2022 #PialaDunia #PialaDunia2022 #PialaDuniaQatar #PialaDuniaQatar2022 #Kroasia #Maroko https://t.co/xR2lPJMtvA
negatif,ð—œð˜'ð˜€ ð—§ð—¶ð—ºð—² Perebutan Juara 3 Piala Dunia 2022 Kroasia vs Maroko Bagaimana prediksi kakak-kakak? #ItsTime #PialaDunia2022 #PartaiNasDem https://t.co/ck07yPJ47F
negatif,Pengamat sepak bola ï¸ Hardimen Koto menceritakan pengalaman tentang keikutsertaan dirinya pada #PialaDunia2022 yang menurutnya paling banyak menghadirkan keterkejutan! https://t.co/uHsnJ5ozlQ
negatif,Perancis atau Maghribi? #PialaDunia2022 https://t.co/xidCZvibYc
negatif,Terima kasih Luka Modric. Komentar performa sang pemain selama Piala Dunia 2022 #EmtekWorldCup2022 #BolacomWorldCup2022 #PialaDunia2022 #PialaDunia https://t.co/GoWaMScFW5
negatif,5 Laga Piala Dunia 2022 yang Bakal Sulit Dilupakan! https://t.co/9YQGheUSen #kroasiavsmaroko #marokovskroasia #pialadunia2022 #argentinavsprancis #prancisvsargentina Susanti The Big 4 Emarang Bupati Lebak Ehsan Mbappe Lionel Messi https://t.co/aHIQdfRbt0
negatif,Inilah beberapa fakta menarik pada pertandingan perebutan tempat ketiga antara Kroasia vs Maroko. Sebuah utas~ #Lapangbolacom #LapangbolaStats #LapangbolaFacts #LapangbolaQuiz #WorldCup #WorldCup2022 #PialaDunia #PialaDunia2022 #Kroasia #Maroko https://t.co/2DVLoixUAf
negatif,Indonesia berkesempatan menampilkan keanekaragaman budaya di Qatar saat momen menjelang final Piala Dunia. Momen ini jadi ajang silaturahmi warga Indonesia di Qatar. KPJ #GTVNews #News #BuletiniNews #budaya #budayaIndonesia #tariIndonesia #PialaDunia2022 #Pildun #Doha #Qatar https://t.co/MYzSVOIKbE
negatif,Gawat! Varane dan Konate Terkena Flu Unta Pertahanan Prancis Terancam Rapuh Hadapi Argentina di Final Piala Dunia 2022! https://t.co/sk5cZPxT9X #pialadunia2022 #prancisvsargentina #argentinavsprancis #Raphaelvarane #konate Argentina vs Prancis Prancis vs Argentina Maroko https://t.co/1o3zTOfdo9
negatif,Daftar Top Assist Piala Dunia 2022 https://t.co/TxutXGMmUs #prancisvsargentina #argentinavsprancis #pialadunia2022 Final Ideal Piala Dunia 2022 Prancis vs Argentina Argentina vs Prancis https://t.co/7zB2D9unkC
negatif,Update Bagan Fase Gugur Piala Dunia 2022 18 Desember 2022. Selamat Kroasia rebut peringkat tiga. Terima kasih Maroko sudah berjuang. #EmtekWorldCup2022 #BolacomWorldCup2022 #PialaDunia2022 #PialaDunia https://t.co/VgpQpKnkLc
negatif,5 Bintang yang Mengguncang Semifinal Piala Dunia 2022: Amazing dan Bikin Takjub https://t.co/VHaU9FqKdn #pialadunia2022 #argentinavsprancis #prancisvsargentina #kroasiavsmaroko #marokovskroasia Semarang Wasit lionel Messi https://t.co/sImUy3SkfG
negatif,Ancaman Olivier Giroud untuk Lionel Messi Jelang Final Piala Dunia 2022: Anda Tak Bisa Berkutik! https://t.co/3GhilouH4c #prancisvsargentina #argentinavsprancis #pialadunia2022 #maroko #kroasia #oliviergiroud #LionelMessið“ƒµ Argentina Prancis Susanti Everest https://t.co/vPFiPi4luO
negatif,Nonton Final Piala Dunia nggak lengkap rasanya kalo nggak ada camilan!! Ini dia beberapa camilan yg cocok temani nonton final piala dunia. #CBNFiber #InternetCepat #FiberOpticIndonesia #PialaDunia2022 #CamilanPialaDunia https://t.co/FeBrlBK8oK
negatif,Perancis akan bertemu Argentina di Perlawanan Akhir Piala Dunia 2022. ðŸ‡«ðŸ‡·ðŸ‡¦ðŸ‡· #DariQatarKeMalaysia #PialaDunia2022 #PialaDunia2022RTM #worldcup2022 #trendingfootball https://t.co/ESBaSQPxz3
negatif,FIFA tengah mempertimbangkan untuk mengubah format Piala Dunia 2026 dengan menambah jumlah peserta dari 32 tim menjadi 48 tim. GIN https://t.co/g7pkgPvZaq #iNews #FIFA #PialaDunia2022 #WorldCup2022 #Qatar #GianniInfantino #SepakBola #Football #Soccer https://t.co/gG1WnClYCK
negatif,HT: KroasiaðŸ‡­ðŸ‡·2-1 MarokoðŸ‡²ðŸ‡¦ Pertandingan penuh semangat. Keduanya menampilkan totalitas! Gimana babak pertama buat kalian? #PialaDunia2022 #FIFAWorldCup https://t.co/fK4Mod0U1T
negatif,Tahukah Kamu? Ada cerita menarik usai Kroasia mengalahkan Maroko di perebutan tempat ketiga Piala Dunia 2022. #Lapangbolacom #LapangbolaStats #LapangbolaFacts #LapangbolaQuiz #WorldCup #WorldCup2022 #PialaDunia #PialaDunia2022 #PialaDuniaQatar #PialaDuniaQatar2022 https://t.co/bGsrVOpwDZ
negatif,FT: Kroasia 2-1 Maroko (7' Gvardiol 42' Orsic
negatif,Skor 2-1 untuk kemenangan Kroasia atas Maroko bertahan hingga peluit akhir. Dua kontestan yang patut diapresiasi berhasil sampai di titik ini. What a journey from both of CroatiaðŸ‡­ðŸ‡· &amp
negatif,Perebutan gelar juara ke tiga mempertemukan Kroasia vs Maroko yang akan digelar Sabtu 17/2/2022 pukul 22.00 nanti. #maroko #kroasia #pialadunia #pialaduniaqatar2022 #fifaworldcup2022 #pialadunia2022 https://t.co/GZFPTCyj0t
negatif,Juara ketiga Piala Dunia 2022 Kroasia! Skor 2-1 tak berhasil dikejar Maroko hingga peluit akhir dibunyikan. Permainan yang seru Sob! #Croatia #Morocco #FIFAWorldCup #PialaDunia2022 #Sepakbola #Qatar2022 #Vatreni https://t.co/wcHRPz63vw
negatif,Sosweet..Begini Kemesraan Pemain Prancis Bersama Keluarga Jelang Final Piala Dunia 2022 https://t.co/vwJi0l8Hiv #PialaDunia2022 #prancvsargentina #argentinavsprancis #TheBig4 Argentina Istri Pemain Bola Kingsley Coman Sabrajna Duvad https://t.co/RyRHZbSgkO
negatif,Bisa kelihatan siapa yang paling sumringah di sini Sob? Selamat sekali lagi Vatreni! Foto: Eksklusif Reuters #Modric #Croatia #Vatreni #PialaDunia2022 #WorldCup #FIFAWorldCup #Sepakbola #Indosport https://t.co/9fG25bgwkj
negatif,Gak kerasa banget udah mau selesai saja Piala Dunia tahun ini perasaan baru kemarin nonton pertandingan pembuka Qatar vs Ekuador udah final aja besok dan ranking FIFA WC 2022 menurut gua : 1. ðŸ‡¦ðŸ‡· Argentina 2. ðŸ‡«ðŸ‡· Prancis 3. ðŸ‡²ðŸ‡¦ Maroko 4. ðŸ‡­ðŸ‡· Kroasia #FIFAWorldCup #PialaDunia2022
negatif,Piala Dunia 2022 Perlawanan Tempat Ke-3 CROATIA ðŸ‡­ðŸ‡· lwn MAGHRIBI ðŸ‡²ðŸ‡¦ 10.30 malam @tv2_rtm &amp
negatif,Aktor Tiongkok #HuangXiaoming Senang #Argentina Lolos ke Final #PialaDunia2022 #é»„æ™“æ˜Ž https://t.co/tirYiPykWx
negatif,Sejak laga Semifinal...VAR sudah tidak berfungsi lagi . #PialaDunia2022
negatif,Catat! Ini Jadwal Pertandingan dan Link Streaming Kroasia Vs Maroko di Piala Dunia 2022 #KroasiaVsMaroko #PialaDunia2022 https://t.co/8yXjwr9dFQ
negatif,Prancis dan Argentina Berburu Bintang Ketiga di Piala Dunia https://t.co/ZxWU31fM7d #Argentina #PialaDunia2022 #pialadunia #pialadunia2022live
negatif,Jika Menang Lawan Mbappe di Final Piala Dunia 2022 Messi Dipecat dari PSG? #Messið“ƒµ #Mbappe #PialaDunia2022 https://t.co/lDxjk1HOlu
negatif,Kira-kira yang juara 3 Maroco atau Croasia? #PialaDunia2022
negatif,Jelang Final Piala Dunia 2022 Lionel Messi Absen Latihan Karena Cedera Hamstring #PialaDunia2022 #WorldCup2022 #Messi #LionelMessi https://t.co/8HwUsBaX00
negatif,Kapitalisme Sepak Bola #PialaDunia2022 https://t.co/41DqTsNnnp
negatif,Kesuksesan #Prancis di laga #PialaDunia2022 Dunia tak lepas dari kelihaian sang arsitek #didierdeschamps https://t.co/Q7pp1uptor
negatif,Tim nasional Kroasia menempati peringkat ketiga Piala Dunia 2022 setelah mengalahkan Maroko 2-1! #FIFAWorldCup #PialaDunia2022 https://t.co/VKRNaN444u
negatif,Berikut ini adalah prediksi Kroasia vs Maroko di Piala Dunia 2022. #merahputihcom #kroasiavsmaroko #PialaDunia2022 #sepakbola https://t.co/bClEf814DM
negatif,Menjelang Final Piala Dunia 2022 Siapkan Prediksi dan Asupan Mineral Esensial Terbaik #PialaDunia2022 https://t.co/Dv7mUeAjqw
negatif,Komentar kalian untuk wasit Kroasia vs Maroko Sobat Bolacom #EmtekWorldCup2022 #BolacomWorldCup2022 #PialaDunia2022 #PialaDunia https://t.co/2abS77jwXf
negatif,Perebutan Tempat Ketiga Laga Penghabisan Kroasia vs Maroko https://t.co/TFSpWdLA5H #JuaraTiga #KroasiaVsMaroko #PialaDunia2022
negatif,Jangan Sebut Kroasia Kuda Hitam Lagi! #EmtekWorldCup2022 #BolacomWorldCup2022 #PialaDunia2022 #PialaDunia https://t.co/BUBy2qfh25
negatif,#BolanetHighlights Gol Gvardiol dan Orsic Antar Kroasia Juara ke-3 Piala Dunia 2022 #EMTEKWORLDCUP2022 #BOLANETWORLDCUP2022 #PialaDunia #PialaDunia2022 https://t.co/s56V5pPt61
negatif,Portugal dan Spanyol kok bisa ya gak mampu nyekor lawan Maroko? #EmtekWorldCup2022 #BolacomWorldCup2022 #PialaDunia2022 #PialaDunia https://t.co/ZqmgU9tZ0z
negatif,Berikut Fakta Menarik Usai Kroasia Raih Peringkat Ketiga Piala Dunia 2022: Timnas Kroasia berhasil meraih peringkat ketiga Piala Dunia 2022 usai menang tipis atas Maroko 2-1 laga ini digelar di https://t.co/OYdBdrmDXL #Bola #Kroasia #PialaDunia2022 #kroasiavsmaroko
negatif,Menang Tipis Atas Maroko Kroasia Raih Peringkat Ketiga Piala Dunia 2022!: Kroasia sukses mengunci peringkat ketiga Piala Dunia 2022 usai meraih kemenangan tipis 2-1 atas Maroko dalam laga https://t.co/lChaIH4NfB #Bola #PialaDunia2022 #kroasiavsmaroko #kroasiaperingkattiga
negatif,Preview Pertandingan Kroasia Vs Maroko: Siapa yang Layak Raih Tempat Ketiga?: Pertandingan perebutan tempat ketiga Piala Dunia 2022 antara Kroasia vs Maroko akan berlangsung hari ini Sabtu 17 https://t.co/cEydVl3M6N #Bola #Maroko #Kroasia #PialaDunia2022 #kroasiavsmaroko
negatif,Peringkat ketiga Piala Dunia 2022 berartis spesial buat Zlatko Dalic. #EmtekWorldCup2022 #BolacomWorldCup2022 #PialaDunia2022 #PialaDunia https://t.co/DFx6wQ2G7U
negatif,Pelatih Maroko buka suara terkait kekalahan timnya atas Kroasia. #EmtekWorldCup2022 #BolacomWorldCup2022 #PialaDunia2022 #PialaDunia https://t.co/RnLqDpH3tW
negatif,Tampil Apik di Piala Dunia 2022 Messi Sebut Julian Alvarez 'Spektakuler': Selain nama Lionel Messi yang mencuat usai keberhasilan Argentina melangkah ke final Piala Dunia 2022 salah satu nama yang https://t.co/gdi288JvvF #Bola #LionelMessi #PialaDunia2022 #timnasargentina
negatif,Gagal di Piala Dunia 2022 Fernando Santos Resmi Tinggalkan Portugal: Pelatih Fernando Santos resmi tinggalkan timnas Portugal pada Jumat 16 Desember dini hari WIB usai gagal di Piala https://t.co/vVZAszvn5o #Bola #fernandosantos #portugal #tinggalkanportugal #pialadunia2022
negatif,Meski Tak Lolos Final Piala Dunia 2022 Maroko Masih Bisa Ciptakan Sejarah?: Keperkasaan Maroko harus terhenti di babak semifinal Piala Dunia 2022 usai dikalahkan Prancis 0-2 meski tak lolos final Maroko https://t.co/RQcn76kMuV #Bola #Maroko #PialaDunia2022 #marokovsprancis
negatif,Bukan Jerman tim paling mengecewakan di Piala Dunia 2022 jatuh ke Belgia. #EmtekWorldCup2022 #BolacomWorldCup2022 #PialaDunia2022 #PialaDunia https://t.co/3WKKdpPZTO
negatif,Sudah sembuh dari virus dan cedera Prancis full team lawan Argentina. #EmtekWorldCup2022 #BolacomWorldCup2022 #PialaDunia2022 #PialaDunia https://t.co/oEZqVH69m1
negatif,Tak Mau Remehkan Maroko Zlatko Dalic Ingin Bikin Bangga Warga Kroasia https://t.co/uRjsz5vMVB #kroasia #KroasiaVsMaroko #Maroko #PialaDunia2022
negatif,Perebutan Tempat Ketiga Maroko Turunkan Pemain Candangan Ini Alasan Pelatih https://t.co/dIz8RPrRbH #JuaraTiga #KroasiaVsMaroko #PialaDunia2022 #TempatKetiga
negatif,Potret perjuangan Kroasia tundukkan Maroko tuk rebut peringkat tiga Piala Dunia 2022. #EmtekWorldCup2022 #BolacomWorldCup2022 #PialaDunia2022 #PialaDunia https://t.co/jaRyGjKJs3
negatif,FIFA Tolak Tegas Permintaan Presiden Ukraina Berpidato di Laga Final Piala Dunia 2022 https://t.co/SYAiXs2Hs2 #FIFA #PialaDunia2022 #PresidenUkraina #Rusia
negatif,#BHsukan Pengendali Maghribi Walid Regragui berkata dia percaya pasukan dari benua Afrika akan memenangi Piala Dunia dalam tempoh 15 hingga 20 tahun https://t.co/ro0kFzh3yr #PialaDunia2022 #Qatar2022 #WorldCup2022
negatif,Pelatih Arab Saudi Herve Renard beri bocoran cara taklukkan Argentina. Deschamps dengerin nih. #EmtekWorldCup2022 #BolacomWorldCup2022 #PialaDunia2022 #PialaDunia https://t.co/WAsfnnAcNG
negatif,Cerita Sofyan Amrabat Pernah Bela Timnas Belanda U15 Sebelum Perkuat Maroko di Piala Dunia 2022 https://t.co/D8kIfj5K10 #Belanda #Maroko #PialaDunia2022 #SofyanAmrabat
negatif,Pelatih Arab Saudi Bagikan Tips kepada Prancis untuk Matikan Messi Begini Caranya #EMTEKWORLDCUP2022 #BOLANETWORLDCUP2022 #PialaDunia #PialaDunia2022 https://t.co/AYMZHYujiX
negatif,#BHsukan #PialaDunia2022 #Qatar2022 #WorldCup2022 Pingat ini adalah untuk rakyat Croatia ia adalah sesuatu yang membanggakan apabila kami berjaya memenangi dua pingat dalam dua kejohanan - jurulatih Croatia Zlatko Dalic https://t.co/fuKNKmA3AI
negatif,Gini nih enaknya main di Piala Dunia. Langsung jadi incaran banyak klub top seperti Azzedine Ounahi. #EmtekWorldCup2022 #BolacomWorldCup2022 #PialaDunia2022 #PialaDunia https://t.co/nigwCUB05o
negatif,Ada Lionel Messi Kylian Mbappe dan...Harry Maguire dalam starting XI terbaik Piala Dunia 2022 versi media Inggris. #EmtekWorldCup2022 #BolacomWorldCup2022 #PialaDunia2022 #PialaDunia https://t.co/EUt45p7SOz
negatif,Pak Erick Thohir muncul di IG resmi FIFA founder lembaga survey independen sepak bola Indonesia berpendapat positif. Tentang apa pendapat tersebut? #PialaDunia2022 #pssi #erickthohir https://t.co/ogFNC40xW3
negatif,#BHsukan Kampung terpencil dengan 3 000 orang penduduk di timur laut wilayah luar bandar dan perindustrian di Cordoba bangga lahirkan bintang Argentina https://t.co/JSGywbfDhm #PialaDunia2022 #Qatar2022 #WorldCup2022 #FIFA2022
negatif,#BHsukan Berbaki 24 jam sebelum juara bertahan itu menentang Argentina Perancis dihantui jangkitan virus yang dipercayai membabitkan lima pemain setakat ini #PialaDunia2022 #Qatar2022 #WorldCup2022 #FIFA2022 https://t.co/pVjYq89n77
negatif,Sebelum duel mereka digelar mari simak terlebih dahulu perbandingan beberapa statistik kedua pemain top ini. #EMTEKWORLDCUP2022 #BOLANETWORLDCUP2022 #PialaDunia #PialaDunia2022 https://t.co/VqIKpoCSNt
negatif,#Final #PialaDunia2022 #Argentina #Prancis Final Piala Dunia 2022 Qatar mempertemukan Argentina dan Prancis di Stadion Stadion Lusail Iconic Minggu (18/12/2022) malam https://t.co/sosf8ggHzx lewat @serambinews
netral,#BHsukan Kedua-dua jurulatih dilihat memberi peluang untuk pemain yang berada di bangku simpanan sepanjang kejohanan kali ini https://t.co/2RbXKlGaFn #PialaDunia2022 #Qatar2022 #WorldCup2022 #FIFA2022
netral,#BHsukan Apabila kami menang (Copa America) di Brazil pasukan pilihan adalah Brazil. Kami sentiasa suka mendengar bahawa lawan adalah pilihan https://t.co/TvoP1WU2O8 #PialaDunia2022 #Qatar2022 #WorldCup2022 #FIFA2022
netral,#BHsukan Luka Modric yang mengetuai Croatia merangkul pingat gangsa Piala Dunia 2022 mendedahkan dia akan meneruskan karier antarabangsanya hingga tahun 2023 https://t.co/jyCEfSdvU9 #PialaDunia2022 #Qatar2022 #WorldCup2022
netral,#BHsukan #PialaDunia2022 #Qatar2022 #WorldCup2022 Mengelak apabila ditanya sama ada dia akan menggunakan tiga pemain pertahanan seperti yang dia lakukan ketika perlawanan suku akhir menentang Belanda https://t.co/KMZQ8uCVDs
netral,Jagoan Para Pemain PSMS di Final Piala Dunia 2022 #bolahita #psms #PialaDunia2022 Sejak awal saya menjagokan Argentina di piala dunia tahun ini. Apalagi saya mengidolakan Angel di Maria. 2-0 untuk Argentina yang cetak Messi sama Julian Alvarez Fardan Harahap
netral,Sepertinya hanya saya dan tim sepak bola Jamaika yang menindaklanjuti piala dunia #Piala Dunia2022
netral,Piala Dunia 2022 Bupati Malaka Dukung Argentina Menangkan Piala Dunia di Qatar Ini Alasannya https://t.co/v3c2m872B4 lewat @KPoskpg #Argentina #ArgentinaFrancia #Prancis #PialaDunia2022 #pialadunia
netral,Bertemu teman lama Chief Investment Officer Qatar Investment Authority untuk Asia Sheikh Faisal Thani Al-Thani. Kerja sama di bidang olahraga dengan Qatar sebagai tuan rumah Piala Dunia akan bermanfaat bagi kita dalam menggelar Piala Dunia U-20 tahun depan. https://t.co/4ycyUAwaP0
netral,Kenapa anda menolak menggunakan ban kapten LGBT? CR7 : Saya mengikuti aturan Qatar sebagai tuan rumah Piala Dunia 2022 dan menghormati ummat muslim. Misi kami datang hanya untuk menang. We Respect! https://t.co/kztwfVcyXF
netral,Apa prediksi Piala Dunia Anda? Kami memiliki ðŸ‡©ðŸ‡ª Ã¼ber ðŸ‡§ðŸ‡ª di Final. #GER #BEL #Piala Dunia2022
netral,Sangat mengapresiasi negara Qatar sebagai tuan rumah Piala Dunia 2022 yang banyak mensyiarkan Pesan-pesan Dakwah. Berdakwah itu tidak melulu harus di masjid atau di majelis-majelis ilmu. Berdakwah bisa dilakukan di mana saja dan kapan saja sesuai dengan kondisi dan situasi. https://t.co/fYgFijaFTc
netral,@pixiedreamkoo @Askrlfess This! Lloris aja bilang dia nggak bakal pakai armband bukan karena dia setuju sama pandangan Qatar yg melarang LGBT tapi karena dia ngehargai culture-nya Qatar sebagai tuan rumah. Karena dia sendiri juga kalau jadi tuan rumah mau
netral,"""Hai @AlphonsoDavies, bagaimana kabar hamstringnya? #CanadaSoccer #Piala Dunia2022 #FIFAWorldCup2022 #Davies"""
netral,Toleransi Dua Arah Ada banyak isu membersamai pelaksanaan piala dunia qatar 2022 dari isu suap terpilihnya qatar sebagai tuan rumah hingga isu kematian pekerja migran yang sempat menjadi hangat beberapa waktu lalu. A Threat #Toleransi2Arah https://t.co/J0Uam1QI9V
netral,"""Drama SBS & dilaporkan membatalkan penayangan pada 21/11, 22/11, dan 28/11 karena #Piala Dunia2022, episode 12 akan tayang pada 29/11.#BaeInHyuk #HanJiHyun #KimHyunJin #JangGyuRi #LeeEunSaem https:// t.co/43z8pxcAPX"""
netral,Sobat MORA! Saat ini seluruh mata dunia sedang fokus pada Qatar sebagai tuan rumah Piala Dunia 2022. Pada bulan Desember tahun 2006 dunia juga pernah fokus pada Qatar ketika kala itu Qatar menjadi tuan rumah event olahraga terbesar di Asia yaitu Asian Games XV. https://t.co/IGfjCJjZCt
netral,Kekalahan Qatar atas Ekuador semalam menjadikan Qatar sebagai tuan rumah Piala Dunia pertama yang kalah di pertandingan pembuka. Permainan khas Qatar tiki-taka tidak berjalan dengan baik dan tidak mencerminkan sebagai juara Asia. Next menghadapi Senegal &amp
netral,Isu LGBT perlakuan diskriminasi terhadap pekerja asing dan hak-hak perempuan menjadi sasaran empuk untuk menyerang Qatar sejak mereka terpilih sebagai tuan rumah Piala Dunia pada 2010. https://t.co/QenrpqxLbU #republika #LGBT #qatar #Qatar2022 https://t.co/lHQqJl7lQG
netral,Sepp Blatter bilang kalau Piala Dunia terlalu besar buat Qatar. Blatter juga nuduh Qatar memakai Platini dan negara Prancis buat mulusin jalan sebagai tuan rumah Piala Dunia 2022. Qatar balik nuduh Eropa pengen monopoli PIala Dunia. Panas. https://t.co/7Q0ZvfJA7W https://t.co/urUBGJkiVv
netral,AFC resmi mengumumkan Qatar sebagai tuan rumahÂ Piala Asia 2023. Qatar mengalahkan Indonesia dan Korea Selatan dalam proses pemilihan tuan rumah Piala Asia 2023. Presiden AFC menyebut alasan pemilihan Qatar karena sudah punya pengalaman panjang menggelar turnamen internasional. https://t.co/AJaK7SstAG
netral,Qatar tampil sebagai tuan rumah Piala Dunia pada edisi kali ini mencatatkan debutnya di ajang yang paling bergengsi tersebut. Seluruh peserta Piala Dunia 2022 juga membawa kekuatan tempur berbahaya. #IDNTimesInfografis #PestaDiQatar #PialaDunia2022 #PialaDunia https://t.co/Jj7pENE838
netral,Sepp Blatter Sebut Memilih Qatar sebagai Tuan Rumah Piala Dunia adalah Kesalahan https://t.co/3x5BdSpyz5 https://t.co/wqJ6lCLOwN
netral,Piala Dunia 2022 mau dijadikan ajang Kampanye LGBT Dunia oleh kaum Sekuler Tapi untungnya yang jadi tuan rumah adalah Qatar dan Qatar menghadangnya dengan menjadikan Piala Dunia justru sebagai ajang Dakwah Islam Rahmatan Lil Alamin. #RIPLGBTinQatar
netral,Bukan Indonesia AFC Resmi Tunjuk Qatar sebagai Tuan Rumah Piala Asia 2023 https://t.co/hFUZNWztQu https://t.co/A0U7VckXXt
netral,Tahun ini Qatar terpilih sebagai tuan rumah Piala Dunia 2022. Sebenarnya apa sih syarat sebuah negara bisa terpilih jadi tuan rumah Piala Dunia? Apa Indonesia bisa? Yuk simak infonya berikut agar sama-sama paham ya Sobat Valid. #pialadunia2022 #worldcup2022 #Validnih https://t.co/NbNptERM9P
netral,Seputar World Cup! Qatar kali pertama akan berpartisipasi di Piala Dunia Qatar otomatis lolos Piala Dunia karena sebagai tuan rumah. Wah hebat ya Qatar Semoga Timnas Indonesia secepatnya bisa main di Piala Dunia yaa. #SemuAdaDiVidio #VidioSports https://t.co/QotZr4RXUF
netral,Indonesia harus berlapang dada menerima keputusan AFC terkait kegagalan menjadi tuan rumah Piala Asia 2023 AFC resmi menunjuk Qatar sebagai tuan rumah Piala Asia 2023 Demikian hasl rapat Komite Eksekutif yang dipimpin langsung Presiden AFC Shaikh Salman bin Ebrahim Al Khalifa https://t.co/UCJqdhmSON
netral,Pada laga kualifikasi Piala Dunia malam tadi timnas Belanda mengkampanyekan pesan #FootballSupportsChange. Hal itu sebagai bentuk protes terhadap penyelenggara WC 2022 di Qatar. GuardianÂ sebut 6.500 pekerja migran meninggal sejak ditetapkannya Qatar sebagai tuan rumah. https://t.co/5wfOZE1CPM
netral,ðŸ‡®ðŸ‡©ðŸ‡®ðŸ‡© | Indonesia harus bersaing dengan tiga negara yakni Australia Korea Selatan Qatar untuk sebagai calon tuan rumah Piala Asia 2023. AFC akan mengumumkan negara mana yang menjadi negara tuan rumah pada 17 Oktober mendatang. Kira-kira berapa persen peluang Indonesia? https://t.co/dcXwToAHUk
netral,Mengukur Kesuksesan Qatar Sebagai Tuan Rumah Piala Dunia 2022 https://t.co/mZHbdIkjnX https://t.co/fosGox3oa5
netral,Kalo Qatar yg penampilannya sebagai tuan rumah tu paling memalukan sepanjang sejarah Piala Dunia tuh kenapa 'min?
netral,Fakta Qatar sebagai tuan rumah Piala Dunia 2022. Sedikit meleset dari prediksi ya jebreeeteam https://t.co/FhWwGcNjSM
netral,Penentuan Qatar sebagai tuan rumah Piala Dunia 2022 hanya sebagian dari deretan skandal di dunia sepakbola. Dosakah kita mencintai sepakbola? https://t.co/J5EERmS9jy
netral,Ekuador cetak gol pertama Piala Dunia 2022 saat lawan Qatar sebagai tuan rumah kemarin. Gol ini dijebol kapten Ekuador Ener Valencia lewat eksekusi penalti di menit 16. Selamat buat Ekuador! Cek berita Piala Dunia 2022 lainnya di IDN App. Yuk download sekarang! #BacaBeritaIDN https://t.co/EIOoRKm4NJ
netral,Alasan Sepp Blatter eks presiden FIFA yang menyesal telah memilih Qatar sebagai tuan rumah Piala Dunia 2022. Bilang nyesel pas kasusnya udah selesai.. https://t.co/WU9jNXn35i
netral,KABUL - Pembicaraan damai Afghanistan yang sekarang terhenti di Qatar disebut harus dirotasi ke tempat lain. Pasalnya Qatar sebagai tuan rumah dituduh https://t.co/fAMAwxKwVq
netral,Sudah Resmi! Qatar Tercatat Sebagai Tuan Rumah Piala Dunia Paling Buruk https://t.co/ZkBWjCt4Pt https://t.co/XcfM1K0ZhX
netral,Nilai positif #Qatar sebagai tuan rumah #WorldCup2022 adalah supaya lebih banyak orang paham Arab. (Sebab banyak yg anggap Komentator Bola dianggap berdoa). #AyoMoveOn2024
netral,Belanda Resmi Jadikan Qatar Sebagai Tuan Rumah Terburuk Dalam Sejarah Piala Dunia! https://t.co/EWWAmqcM8y https://t.co/FlmsHikXJ4
netral,3 Kontroversi Qatar sebagai Tuan Rumah Piala DuniaÂ 2022 https://t.co/68MJDhsGyb
netral,Pada 2 Desember 2010 tepat hari ini 11 tahun lalu Qatar terpilih sebagai tuan rumah Piala Dunia 2022. Namun Qatar belum membereskan desakan dari Amnesty International untuk menyempurnakan reformasi undang-undang ketenagakerjaan. #MozaikTirto https://t.co/IPbjwERMHj
netral,AFC Putuskan Qatar Sebagai Tuan Rumah Piala Asia 2023 Ini Alasannya https://t.co/BAH53BmkGR lewat @tribunbanten
netral,Qatar Sebagai Tuan Rumah Langsung Melempem Di BuatÂ Ekuador https://t.co/kcnK0V9zT8
netral,Belakangan ini ramai pembicaraan tentang Qatar sebagai tuan rumah piala dunia 2022. Menariknya piala dunia kali ini bernuansa penuh Islami. Nah kira-kira bagaimana ya sejarah Islam di Qatar? Simak dalam artikel berikut yuk! https://t.co/4hrjtqHo3I #Qatar2022 #FIFAWorldCup
netral,Qatar tunggu #KamiTeamMalaysia sampai! Qatar diumumkan secara rasmi sebagai tuan rumah #AsianCup2023. @afcasiancup misi utama untuk #HarimauMalaya tahun depan. #KamiTeamMalaysia https://t.co/7qI5RABlG8
netral,Yang bikin seru piala dunia tahun ini tuh selain tim kuda hitam bikin kejutan Qatar sebagai tuan rumah juga mengubah cara pandang dunia melihat Islam dengan disisipkan pesanÂ² dakwah lewat olahraga dan lewat moment ini
netral,Belanda Resmi Jadikan Qatar Sebagai Tuan Rumah Terburuk Dalam Sejarah Piala Dunia! https://t.co/tqYVLMLDPi
netral,Fix Indonesia kalah setelah AFC menetapkan Qatar sebagai tuan rumah Piala Asia 2023. Gimana menurutmu sob? #Timnas #Indonesia #Bolanusantara #Bolnus #PialaAsia #qatar https://t.co/FFvrAmTMej
netral,Ketika Lloris &amp
netral,Suporter Indonesia Komentari Qatar sebagai Tuan Rumah Piala Dunia 2022: Mereka Berusaha yangÂ Terbaik https://t.co/nIpy2yXqpM
netral,Qatar ditunjuk sebagai tuan rumah Piala Dunia 2022. Momen itu dimanfaatkannya untuk mempromosikan Islam di mata dunia. Berikut 4 cara Qatar mengenalkan Islam lewat Piala Dunia 2022. #detikhikmah #juaraboladunia https://t.co/lZMMgZ2Cvg
netral,FIFA didirikan secara politis Eurosentris dan dibentuk negara kolonial. Rusia jadi korbannya. Sementara Argentina rezim Videla pada Piala Dunia 1978 dibiarkan sama halnya pemilihan Qatar sebagai tuan rumah Piala Dunia 2022 yang bermasalah. https://t.co/K2CC4fs00D
netral,Laga Qatar vs Ekuador sebagai pembukaan Piala Dunia 2022 sudah digelar. Tuan rumah Qatar langsung kebobolan namun dianulir VAR. https://t.co/tDxoaccA9n
netral,Sebagai tuan rumah Qatar malah kemungkinan paling duluan tersisih.
netral,Terpilihnya Qatar sebagai tuan rumah Piala Dunia 2022 membuat banyak orang mengunjungi negara tersebut untuk menyaksikan pertandingan sepak bola secara langsung. Selain menyaksikan pertandingan bola para wisatawan juga bisa mencoba makanan khas Qatar. https://t.co/RglLIggq8d
netral,Fans/Negara dari Eropa begitu keras bereaksi terhadap penunjukan Qatar sebagai tuan rumah Piala Dunia 2022 tuduhan pelanggaran HAM pd pekerja migran proyek Stadion nyata gak? Atau karena Qatar sangat anti kampanye LGBT sehingga Qatar sangat disudutkan? Dituduh Diskriminasi?
netral,Qatar sebagai tuan rumah #GempitaBolaDunia2022 memicu sejumlah kontroversi. Mulai dari dugaan pelanggaran HAM hingga isu alkohol. #CNNIndonesia #detikNetwork https://t.co/ocAGQWMll5
netral,Blatter: Penunjukan Qatar Sebagai Tuan Rumah Piala Dunia Sebuah Kesalahan https://t.co/VphR5gDKfl
netral,Apa Saja Keuntungan Qatar sebagai Tuan Rumah Piala Dunia 2022? https://t.co/x41Yo4dtN5
netral,Segala hal soal Qatar sebagai tuan rumah membuat Piala Dunia kali ini lebih mencuri perhatian. Ada 7 fakta menarik soal Piala Dunia 2022 yang perlu kamu ketahui! #juaraboladunia https://t.co/myAcpYkAX3
netral,Menurutku maskot kali ini berani beda objek benda dijadikan hidup dan mewakili Qatar sebagai tuan rumah piala dunia 2022.
netral,Media yang memojokkan Qatar sebagai tuan rumah yang tidak layak dengan berbagai opini mereka menurut saya mereka tidak objektif melihat dari sisi sepakbola. Satu-satunya kekurangan Qatar sebagai tuan rumah Piala Dunia adalah mereka belum pernah tampil pada event itu sebelumnya.
netral,Qatar sebagai tuan rumah: Piala Dunia 2022 ï¸ Piala Asia 2023 Piala Asia U23 2024 ï¸ Kenceng!
netral,Profil Enner Valencia Pencetak Gol Perdana Piala Dunia 2022 Permalukan Qatar Sebagai Tuan Rumah https://t.co/J8quxLRCu7 via @jatengnews_id
netral,Kemelut LGBTQ di Piala Dunia Qatar 2022 Mayoritas Orang Inggris Tolak Qatar sebagai Tuan Rumah Piala DuniaÂ 2022 https://t.co/B7XfvxS2rJ
netral,Piala dunia kenapa di Qatar sih anj. Mana tengah musim gini. Badai cidera. Banyak pemain bintang yang jadi ga bisa tampil. Ini yang jadiin Qatar sebagai tuan rumah di sogok berapaaa?!?!?!
netral,Qatar sebagai tuan rumah #GempitaBolaDunia2022 memicu sejumlah kontroversi. Mulai dari dugaan pelanggaran HAM hingga isu alkohol. #CNNIndonesia https://t.co/qZo4h3PMeO
netral,FIFA mengumumkan Qatar sebagai tuan rumah Piala Dunia Antarklub untuk gelaran 2019 dan 2020. Qatar terpilih untuk menjajal kesiapan mereka sebagai penyelenggara Piala Dunia 2022. Selengkapnya di sini: https://t.co/tutNgxtlqW #MostUpdate1058 #MostRadio10580an https://t.co/E8EiB8qNJv
netral,Legenda sepakbola Prancis Michael Platini resmi ditahan atas kasus dugaan suap terkait pemilihan Qatar sebagai tuan rumah Piala Dunia 2022 setelah sebelumnya Platini telah dikenakan sanksi melakukan aktivitas di sepak bola bersama mantan Presiden FIFA Sepp Blatter.#MostUpdate1058
netral,Enggak sekalian aja langsung Drawing Fase Grup Piala Asia 2023? Kok jadi nggak sabar juga ya walaupun mainnya masih di Januari 2024 karena Qatar berstatus sebagai tuan rumah.
netral,Setiap negara memiliki peraturan tersendiri bagi para tamu yang akan datang. Kali ini Qatar sebagai tuan rumah Piala Dunia 2022 membuat peraturan untuk berpakaian sopan dan tertutup. https://t.co/Oy0I7ojDcq
netral,Konfederasi Sepak Bola Asia (AFC) melalui pernyataan resmi hari ini Senin (17/10) telah memilih Qatar sebagai tuan rumah Piala Asia AFC 2023 mengalahkan Indonesia juga Korea Selatan. #MostUpdate1058
netral,Segala hal soal Qatar sebagai tuan rumah membuat Piala Dunia kali ini lebih mencuri perhatian. Ada 7 fakta menarik soal Piala Dunia 2022 yang perlu kamu ketahui! #juaraboladunia https://t.co/oMm5Bju6U3
netral,Qatar menginvestasikan 300 miliar dolar AS sebagai tuan rumah Piala Dunia 2022 https://t.co/rYluSaGzJc
netral,Kenaikan pendapatan FIFA terutama disumbang oleh sponsor dari Qatar sebagai tuan rumah Piala Dunia tahun ini. https://t.co/0UCzOH2It8
netral,Tunjuk Qatar sebagai Tuan Rumah Piala Dunia 2022 Mantan Presiden FIFA: Itu Adalah Sebuah Kesalahan #LengkapCepatBeritanya #Bola #SepakBola #SepakbolaDunia #BolaDunia . https://t.co/PMTFDu5d02
netral,Jika memang kesuksesan Qatar sebagai tuan rumah dan kiprah Maroko di #PialaDunia2022 dianggap sebagai kegemilangan Muslim itu tidaklah salah. Yang penting setelah kompetisi berakhir yuk kaum muslimin rajin baca buku kembangkan sains dan tebar damai ke seluruh penjuru bumi.
netral,Ternyata Ini Alasan FIFA Tunjuk Qatar Sebagai Tuan Rumah Piala Dunia 2022 https://t.co/pzYqU1I1Qq
netral,Mantan Presiden FIFA Sepp Blatter menyebut bahwa pemilihan Qatar sebagai tuan rumah Piala Dunia 2022 adalah sebuah kesalahan. https://t.co/FJL113azzs
netral,Makna Kekalahan Qatar sebagai Tuan Rumah https://t.co/tkXhZtrhfY
netral,Bedakan prestasi Qatar sebagai tuan rumah Pildun 2022 dan Qatar sebagai peserta Pildun 2022
netral,Bapak gue bilang Qatar sebagai tuan rumah lagi tanding tapi stadionnya ga penuh ternyata penontonnya banyak yang pake baju putih jadi kaya kursi penonton
netral,Menteri Luar Negeri Inggris James Cleverly menyindir perlakuan Qatar sebagai tuan rumah Piala Dunia 2022 terhadap para tamu khususnya soal cara berpakaian. #TempoDunia https://t.co/C1bNNJa975
netral,Belanda berhasil melaju ke babak 16 besar Piala Dunia Qatar 2022 usai menang 2-0 atas tuan rumah dalam laga terakhir Grup A. Sebaliknya hasil itu menjadikan Qatar sebagai tuan rumah terburuk dalam sejarah Piala Dunia. #Olahraga #AdadiKompas https://t.co/cZ8VFmHYF6
netral,Dia mengatakan Qatar berhasil menggelar Piala Dunia secara lancar dan tertib tanpa ada pemberitaan tentang rusuh ataupun perkelahian. Sebelunmnya Qatar sebagai Tuan Rumah Piala Dunia diprotes krn memiliki aturan yg berbeda dengan perhelatan sebelumnya.
netral,Presiden PSG Nasser Al-Khelaifi diduga terlibat kasus korupsi terkait usahanya untuk menjadikan Qatar sebagai tuan rumah Kejuaraan Atletik Dunia pada tahun 2017 lalu.#MostUpdate1058
netral,Pembangunan Infrastruktur Qatar sebagai Tuan Rumah Piala Dunia Banyak Menarik Perhatian Berbagai Negara di Dunia https://t.co/ybpdf3ONmZ
netral,Menepis tuduhan buruk tentang Qatar sebagai tuan rumah piala dunia 2022 #FIFAWorldCupQatar2022
netral,Bahkan Presiden FIFA Sepp Blatter menyebut pemberian kesempatan kepada Qatar sebagai tuan rumah Piala Dunia adalah kesalahan loh. Namun waktu terus bergulir. Dan ini saatnya Qatar unjuk gigi menjadi penyelenggara Piala Dunia 2022.
netral,Gol pertama di #worldcup2022 #QatarWorldCup2022 #Qatar2022 #Qatar #worldcup #Ecuador #edit #fyp #video #viral #ahmed_abdo https://t.co/T2TmsILt5m
netral,Siapa yang Anda dukung tahun ini di #Piala Dunia2022? #Inggris
netral,Piala Dunia 2022: Ekuador mengalahkan Qatar 2-0. #Piala Dunia #Piala Dunia2022 https://t.co/gZuTLPP2es
netral,"""Grup F NFT #Piala Dunia di mana nasib tim sebenarnya menentukan siapa komunitas NFT terbaik meliputi: @DeGodsNFT @MeebitsNFTs @DegenApeAcademy @okaybears #NFTCommunity mana yang akan menang #worldcup2022? Bergabunglah dengan perselisihan kami untuk berbicara lebih banyak: https:/ /t.co/fxRDTkUadl https://t.co/lxP4e404wu"""
netral,Kiper timnas Prancis yang juga bertindak sebagai kapten Hugo Lloris menuturkan alasan dirinya tak ikut-ikutan menolak permintaan Qatar sebagai tuan rumah Piala Dunia 2022. #FRA #Prancis #PialaDunia2022 #FIFAWorldCup #Qatar2022 https://t.co/vmGxa7041F
netral,Apa @elonmusk Mungkin @realDonaldTrump membiarkan Twitter bertahan di #Piala Dunia2022 sebelum ujian stres yang sebenarnya.
netral,Sebanyak 32 negara berlaga dalam kompetisi Piala Dunia 2022 dengan Qatar sebagai tuan rumah. https://t.co/q3lauhXzgh
netral,https://t.co/Hl7BxTYlh3 Piala Dunia FIFA hari pertama - Qatar 0 - Ekuador 2 #Piala Dunia2022 #FIFAWorldCup2022 #Qatar2022 #EcuadorvsQatar #CR7ð“ƒµ
netral,"""Kami buka lebih awal pukul 12 pada hari Senin untuk pertandingan Inggris vs Iran #Piala Dunia2022 #FIFAWorldCup2022 #notfifabychoice https://t.co/AcMIZFCali"""
netral,Piala Dunia 2022 Sudah Sampai Pertandingan Final Qatar Disebut Sukses Sebagai Tuan Rumah https://t.co/J7rVUmzKnl #ArgentinaVsPrancis #PialaDuniaQatar2022 #StadionLusail
netral,"“Selama #Piala Dunia2022 mohon luangkan waktu sejenak di #HariAnakSedunia untuk mempertimbangkan bagaimana separuh anak lainnya hidup, atau lebih tepat... mati. Setiap anak berhak mendapatkan kesempatan hidup yang adil dengan makanan, tempat tinggal, pakaian, dan pendidikan yang diperlukan untuk sukses. https://t.co/DuHaDu0y9k"""
netral,#Piala Dunia2022 2022: Cara menonton pertandingan online dan di TV - NPR - https://t.co/nWrLmJH82M #GoogleAlerts